,page_views,bounce_rate,conversion_rate
page_views,1.0,-0.901438625605594,0.8180068256783998
bounce_rate,-0.901438625605594,1.0,-0.7964635881193319
conversion_rate,0.8180068256783998,-0.7964635881193319,1.0
