Year,organization,global_satisfaction,period
2020,7.872222222222222,7.416666666666667,2.3333333333333335
2021,8.047058823529412,7.7,2.235294117647059
2022,7.71578947368421,7.252631578947369,2.473684210526316
2023,7.885,7.584999999999999,2.45
