Budget_Class,organization,global_satisfaction
4,8.5,7.0
A,8.0,7.51875
B,8.0125,7.6075
C,7.8307692307692305,7.553846153846154
D,6.0,6.025
