stage_year,Filled in form,Paid diposit,Sales,form_to_deposit,deposit_to_sale,form_to_sale
2019,2116,31,122,0.014650283553875236,3.935483870967742,0.057655954631379965
2020,2804,470,384,0.16761768901569188,0.8170212765957446,0.1369472182596291
2021,2577,315,373,0.12223515715948778,1.1841269841269841,0.14474194800155218
2022,2428,211,369,0.08690280065897858,1.7488151658767772,0.15197693574958815
2023,2312,145,278,0.06271626297577855,1.9172413793103449,0.12024221453287197
